"","name","forward","reverse","Tm1","Tm2","diff","GC2"
"1","rs16944left18","GTGCTGTTCTCTGCCTCA","AGCCATAAAAACAGCGAGGGA","51.41","56.89",5.48,25.047619047619
"2","rs16944left19","GGTGCTGTTCTCTGCCTCA","AGCCATAAAAACAGCGAGGGA","55.01","56.89",1.88,25.047619047619
"3","rs16944left20","GGGTGCTGTTCTCTGCCTCA","AGCCATAAAAACAGCGAGGGA","58.3","56.89",1.41,25.047619047619
"4","rs16944left21","TGGGTGCTGTTCTCTGCCTCA","AGCCATAAAAACAGCGAGGGA","60.08","56.89",3.19,25.047619047619
"5","rs16944left22","TTGGGTGCTGTTCTCTGCCTCA","AGCCATAAAAACAGCGAGGGA","60.44","56.89",3.55,25.047619047619
"6","rs16944left23","CTTGGGTGCTGTTCTCTGCCTCA","AGCCATAAAAACAGCGAGGGA","60.96","56.89",4.07,25.047619047619
"7","rs16944left24","CCTTGGGTGCTGTTCTCTGCCTCA","AGCCATAAAAACAGCGAGGGA","63.52","56.89",6.63,25.047619047619
"8","rs16944left25","ACCTTGGGTGCTGTTCTCTGCCTCA","AGCCATAAAAACAGCGAGGGA","64.89","56.89",8,25.047619047619
"9","rs16944left26","TACCTTGGGTGCTGTTCTCTGCCTCA","AGCCATAAAAACAGCGAGGGA","64.87","56.89",7.98,25.047619047619
"10","rs16944left27","CTACCTTGGGTGCTGTTCTCTGCCTCA","AGCCATAAAAACAGCGAGGGA","65.12","56.89",8.23,25.047619047619
"11","rs16944left28","TCTACCTTGGGTGCTGTTCTCTGCCTCA","AGCCATAAAAACAGCGAGGGA","66.08","56.89",9.19,25.047619047619
"12","rs16944left29","CTCTACCTTGGGTGCTGTTCTCTGCCTCA","AGCCATAAAAACAGCGAGGGA","66.26","56.89",9.37,25.047619047619
"13","rs16944left30","TCTCTACCTTGGGTGCTGTTCTCTGCCTCA","AGCCATAAAAACAGCGAGGGA","67.13","56.89",10.24,25.047619047619
"14","rs16944left18","GTGCTGTTCTCTGCCTCG","AGCCATAAAAACAGCGAGGGA","52.43","56.89",4.46,25.047619047619
"15","rs16944left19","GGTGCTGTTCTCTGCCTCG","AGCCATAAAAACAGCGAGGGA","55.89","56.89",1,25.047619047619
"16","rs16944left20","GGGTGCTGTTCTCTGCCTCG","AGCCATAAAAACAGCGAGGGA","59.06","56.89",2.17,25.047619047619
"17","rs16944left21","TGGGTGCTGTTCTCTGCCTCG","AGCCATAAAAACAGCGAGGGA","60.76","56.89",3.87,25.047619047619
"18","rs16944left22","TTGGGTGCTGTTCTCTGCCTCG","AGCCATAAAAACAGCGAGGGA","61.09","56.89",4.2,25.047619047619
"19","rs16944left23","CTTGGGTGCTGTTCTCTGCCTCG","AGCCATAAAAACAGCGAGGGA","61.57","56.89",4.68,25.047619047619
"20","rs16944left24","CCTTGGGTGCTGTTCTCTGCCTCG","AGCCATAAAAACAGCGAGGGA","64.06","56.89",7.17,25.047619047619
"21","rs16944left25","ACCTTGGGTGCTGTTCTCTGCCTCG","AGCCATAAAAACAGCGAGGGA","65.37","56.89",8.48,25.047619047619
"22","rs16944left26","TACCTTGGGTGCTGTTCTCTGCCTCG","AGCCATAAAAACAGCGAGGGA","65.35","56.89",8.45999999999999,25.047619047619
"23","rs16944left27","CTACCTTGGGTGCTGTTCTCTGCCTCG","AGCCATAAAAACAGCGAGGGA","65.56","56.89",8.67,25.047619047619
"24","rs16944left28","TCTACCTTGGGTGCTGTTCTCTGCCTCG","AGCCATAAAAACAGCGAGGGA","66.5","56.89",9.61,25.047619047619
"25","rs16944left29","CTCTACCTTGGGTGCTGTTCTCTGCCTCG","AGCCATAAAAACAGCGAGGGA","66.65","56.89",9.76000000000001,25.047619047619
"26","rs16944left30","TCTCTACCTTGGGTGCTGTTCTCTGCCTCG","AGCCATAAAAACAGCGAGGGA","67.51","56.89",10.62,25.047619047619
"27","rs25left18","ATCAAATTCCAATTGCAT","ATTACAGGCATGAACCACCGT","41.96","56.84",14.88,32.5714285714286
"28","rs25left19","TATCAAATTCCAATTGCAT","ATTACAGGCATGAACCACCGT","43.07","56.84",13.77,32.5714285714286
"29","rs25left20","CTATCAAATTCCAATTGCAT","ATTACAGGCATGAACCACCGT","44.77","56.84",12.07,32.5714285714286
"30","rs25left21","ACTATCAAATTCCAATTGCAT","ATTACAGGCATGAACCACCGT","47.03","56.84",9.81,32.5714285714286
"31","rs25left22","GACTATCAAATTCCAATTGCAT","ATTACAGGCATGAACCACCGT","48.34","56.84",8.5,32.5714285714286
"32","rs25left23","GGACTATCAAATTCCAATTGCAT","ATTACAGGCATGAACCACCGT","51.5","56.84",5.34,32.5714285714286
"33","rs25left24","AGGACTATCAAATTCCAATTGCAT","ATTACAGGCATGAACCACCGT","53.05","56.84",3.79000000000001,32.5714285714286
"34","rs25left25","AAGGACTATCAAATTCCAATTGCAT","ATTACAGGCATGAACCACCGT","53.66","56.84",3.18000000000001,32.5714285714286
"35","rs25left26","AAAGGACTATCAAATTCCAATTGCAT","ATTACAGGCATGAACCACCGT","54.22","56.84",2.62,32.5714285714286
"36","rs25left27","GAAAGGACTATCAAATTCCAATTGCAT","ATTACAGGCATGAACCACCGT","54.94","56.84",1.90000000000001,32.5714285714286
"37","rs25left28","TGAAAGGACTATCAAATTCCAATTGCAT","ATTACAGGCATGAACCACCGT","56.38","56.84",0.460000000000001,32.5714285714286
"38","rs25left29","GTGAAAGGACTATCAAATTCCAATTGCAT","ATTACAGGCATGAACCACCGT","57.16","56.84",0.319999999999993,32.5714285714286
"39","rs25left30","TGTGAAAGGACTATCAAATTCCAATTGCAT","ATTACAGGCATGAACCACCGT","58.45","56.84",1.61,32.5714285714286
"40","rs25left18","ATCAAATTCCAATTGCAC","ATTACAGGCATGAACCACCGT","43.1","56.84",13.74,32.5714285714286
"41","rs25left19","TATCAAATTCCAATTGCAC","ATTACAGGCATGAACCACCGT","44.13","56.84",12.71,32.5714285714286
"42","rs25left20","CTATCAAATTCCAATTGCAC","ATTACAGGCATGAACCACCGT","45.73","56.84",11.11,32.5714285714286
"43","rs25left21","ACTATCAAATTCCAATTGCAC","ATTACAGGCATGAACCACCGT","47.91","56.84",8.93000000000001,32.5714285714286
"44","rs25left22","GACTATCAAATTCCAATTGCAC","ATTACAGGCATGAACCACCGT","49.15","56.84",7.69,32.5714285714286
"45","rs25left23","GGACTATCAAATTCCAATTGCAC","ATTACAGGCATGAACCACCGT","52.23","56.84",4.61000000000001,32.5714285714286
"46","rs25left24","AGGACTATCAAATTCCAATTGCAC","ATTACAGGCATGAACCACCGT","53.74","56.84",3.1,32.5714285714286
"47","rs25left25","AAGGACTATCAAATTCCAATTGCAC","ATTACAGGCATGAACCACCGT","54.3","56.84",2.54000000000001,32.5714285714286
"48","rs25left26","AAAGGACTATCAAATTCCAATTGCAC","ATTACAGGCATGAACCACCGT","54.83","56.84",2.01000000000001,32.5714285714286
"49","rs25left27","GAAAGGACTATCAAATTCCAATTGCAC","ATTACAGGCATGAACCACCGT","55.52","56.84",1.32,32.5714285714286
"50","rs25left28","TGAAAGGACTATCAAATTCCAATTGCAC","ATTACAGGCATGAACCACCGT","56.92","56.84",0.0799999999999983,32.5714285714286
"51","rs25left29","GTGAAAGGACTATCAAATTCCAATTGCAC","ATTACAGGCATGAACCACCGT","57.67","56.84",0.829999999999998,32.5714285714286
"52","rs25left30","TGTGAAAGGACTATCAAATTCCAATTGCAC","ATTACAGGCATGAACCACCGT","58.92","56.84",2.08,32.5714285714286
"53","rs1884left18","GGGGGCCTACTGGAAGGG","TCACATTCGGTTGCATGGAGA","62.42","55.43",6.99,25.047619047619
"54","rs1884left19","AGGGGGCCTACTGGAAGGG","TCACATTCGGTTGCATGGAGA","64.04","55.43",8.61000000000001,25.047619047619
"55","rs1884left20","AAGGGGGCCTACTGGAAGGG","TCACATTCGGTTGCATGGAGA","64.26","55.43",8.83000000000001,25.047619047619
"56","rs1884left21","AAAGGGGGCCTACTGGAAGGG","TCACATTCGGTTGCATGGAGA","64.46","55.43",9.02999999999999,25.047619047619
"57","rs1884left22","AAAAGGGGGCCTACTGGAAGGG","TCACATTCGGTTGCATGGAGA","64.64","55.43",9.21,25.047619047619
"58","rs1884left23","GAAAAGGGGGCCTACTGGAAGGG","TCACATTCGGTTGCATGGAGA","64.89","55.43",9.46,25.047619047619
"59","rs1884left24","TGAAAAGGGGGCCTACTGGAAGGG","TCACATTCGGTTGCATGGAGA","66.29","55.43",10.86,25.047619047619
"60","rs1884left25","GTGAAAAGGGGGCCTACTGGAAGGG","TCACATTCGGTTGCATGGAGA","66.68","55.43",11.25,25.047619047619
"61","rs1884left26","TGTGAAAAGGGGGCCTACTGGAAGGG","TCACATTCGGTTGCATGGAGA","67.91","55.43",12.48,25.047619047619
"62","rs1884left27","CTGTGAAAAGGGGGCCTACTGGAAGGG","TCACATTCGGTTGCATGGAGA","68.02","55.43",12.59,25.047619047619
"63","rs1884left28","TCTGTGAAAAGGGGGCCTACTGGAAGGG","TCACATTCGGTTGCATGGAGA","68.93","55.43",13.5,25.047619047619
"64","rs1884left29","GTCTGTGAAAAGGGGGCCTACTGGAAGGG","TCACATTCGGTTGCATGGAGA","69.13","55.43",13.7,25.047619047619
"65","rs1884left30","TGTCTGTGAAAAGGGGGCCTACTGGAAGGG","TCACATTCGGTTGCATGGAGA","70.14","55.43",14.71,25.047619047619
"66","rs1884left18","GGGGGCCTACTGGAAGGC","TCACATTCGGTTGCATGGAGA","62.18","55.43",6.75,25.047619047619
"67","rs1884left19","AGGGGGCCTACTGGAAGGC","TCACATTCGGTTGCATGGAGA","63.79","55.43",8.36,25.047619047619
"68","rs1884left20","AAGGGGGCCTACTGGAAGGC","TCACATTCGGTTGCATGGAGA","64.02","55.43",8.59,25.047619047619
"69","rs1884left21","AAAGGGGGCCTACTGGAAGGC","TCACATTCGGTTGCATGGAGA","64.22","55.43",8.79,25.047619047619
"70","rs1884left22","AAAAGGGGGCCTACTGGAAGGC","TCACATTCGGTTGCATGGAGA","64.41","55.43",8.98,25.047619047619
"71","rs1884left23","GAAAAGGGGGCCTACTGGAAGGC","TCACATTCGGTTGCATGGAGA","64.68","55.43",9.25000000000001,25.047619047619
"72","rs1884left24","TGAAAAGGGGGCCTACTGGAAGGC","TCACATTCGGTTGCATGGAGA","66.07","55.43",10.64,25.047619047619
"73","rs1884left25","GTGAAAAGGGGGCCTACTGGAAGGC","TCACATTCGGTTGCATGGAGA","66.46","55.43",11.03,25.047619047619
"74","rs1884left26","TGTGAAAAGGGGGCCTACTGGAAGGC","TCACATTCGGTTGCATGGAGA","67.69","55.43",12.26,25.047619047619
"75","rs1884left27","CTGTGAAAAGGGGGCCTACTGGAAGGC","TCACATTCGGTTGCATGGAGA","67.81","55.43",12.38,25.047619047619
"76","rs1884left28","TCTGTGAAAAGGGGGCCTACTGGAAGGC","TCACATTCGGTTGCATGGAGA","68.71","55.43",13.28,25.047619047619
"77","rs1884left29","GTCTGTGAAAAGGGGGCCTACTGGAAGGC","TCACATTCGGTTGCATGGAGA","68.93","55.43",13.5,25.047619047619
"78","rs1884left30","TGTCTGTGAAAAGGGGGCCTACTGGAAGGC","TCACATTCGGTTGCATGGAGA","69.93","55.43",14.5,25.047619047619
"79","rs17287498left18","ACTGCATTTGTTTTTACC","AGCAAGGTCTGAGCTGACTTC","43.67","54.71",11.04,29.8095238095238
"80","rs17287498left19","AACTGCATTTGTTTTTACC","AGCAAGGTCTGAGCTGACTTC","44.92","54.71",9.79,29.8095238095238
"81","rs17287498left20","TAACTGCATTTGTTTTTACC","AGCAAGGTCTGAGCTGACTTC","45.82","54.71",8.89,29.8095238095238
"82","rs17287498left21","TTAACTGCATTTGTTTTTACC","AGCAAGGTCTGAGCTGACTTC","46.85","54.71",7.86,29.8095238095238
"83","rs17287498left22","ATTAACTGCATTTGTTTTTACC","AGCAAGGTCTGAGCTGACTTC","47.59","54.71",7.12,29.8095238095238
"84","rs17287498left23","AATTAACTGCATTTGTTTTTACC","AGCAAGGTCTGAGCTGACTTC","48.47","54.71",6.24,29.8095238095238
"85","rs17287498left24","AAATTAACTGCATTTGTTTTTACC","AGCAAGGTCTGAGCTGACTTC","49.27","54.71",5.44,29.8095238095238
"86","rs17287498left25","AAAATTAACTGCATTTGTTTTTACC","AGCAAGGTCTGAGCTGACTTC","50.01","54.71",4.7,29.8095238095238
"87","rs17287498left26","GAAAATTAACTGCATTTGTTTTTACC","AGCAAGGTCTGAGCTGACTTC","50.97","54.71",3.74,29.8095238095238
"88","rs17287498left27","TGAAAATTAACTGCATTTGTTTTTACC","AGCAAGGTCTGAGCTGACTTC","52.54","54.71",2.17,29.8095238095238
"89","rs17287498left28","GTGAAAATTAACTGCATTTGTTTTTACC","AGCAAGGTCTGAGCTGACTTC","53.52","54.71",1.19,29.8095238095238
"90","rs17287498left29","AGTGAAAATTAACTGCATTTGTTTTTACC","AGCAAGGTCTGAGCTGACTTC","54.74","54.71",0.0300000000000011,29.8095238095238
"91","rs17287498left30","AAGTGAAAATTAACTGCATTTGTTTTTACC","AGCAAGGTCTGAGCTGACTTC","55.18","54.71",0.469999999999999,29.8095238095238
"92","rs17287498left18","ACTGCATTTGTTTTTACA","AGCAAGGTCTGAGCTGACTTC","42.08","54.71",12.63,29.8095238095238
"93","rs17287498left19","AACTGCATTTGTTTTTACA","AGCAAGGTCTGAGCTGACTTC","43.41","54.71",11.3,29.8095238095238
"94","rs17287498left20","TAACTGCATTTGTTTTTACA","AGCAAGGTCTGAGCTGACTTC","44.39","54.71",10.32,29.8095238095238
"95","rs17287498left21","TTAACTGCATTTGTTTTTACA","AGCAAGGTCTGAGCTGACTTC","45.5","54.71",9.21,29.8095238095238
"96","rs17287498left22","ATTAACTGCATTTGTTTTTACA","AGCAAGGTCTGAGCTGACTTC","46.3","54.71",8.41,29.8095238095238
"97","rs17287498left23","AATTAACTGCATTTGTTTTTACA","AGCAAGGTCTGAGCTGACTTC","47.23","54.71",7.48,29.8095238095238
"98","rs17287498left24","AAATTAACTGCATTTGTTTTTACA","AGCAAGGTCTGAGCTGACTTC","48.09","54.71",6.62,29.8095238095238
"99","rs17287498left25","AAAATTAACTGCATTTGTTTTTACA","AGCAAGGTCTGAGCTGACTTC","48.88","54.71",5.83,29.8095238095238
"100","rs17287498left26","GAAAATTAACTGCATTTGTTTTTACA","AGCAAGGTCTGAGCTGACTTC","49.9","54.71",4.81,29.8095238095238
"101","rs17287498left27","TGAAAATTAACTGCATTTGTTTTTACA","AGCAAGGTCTGAGCTGACTTC","51.51","54.71",3.2,29.8095238095238
"102","rs17287498left28","GTGAAAATTAACTGCATTTGTTTTTACA","AGCAAGGTCTGAGCTGACTTC","52.55","54.71",2.16,29.8095238095238
"103","rs17287498left29","AGTGAAAATTAACTGCATTTGTTTTTACA","AGCAAGGTCTGAGCTGACTTC","53.79","54.71",0.920000000000002,29.8095238095238
"104","rs17287498left30","AAGTGAAAATTAACTGCATTTGTTTTTACA","AGCAAGGTCTGAGCTGACTTC","54.27","54.71",0.439999999999998,29.8095238095238
"105","rs17287498left18","ACTGCATTTGTTTTTACG","AGCAAGGTCTGAGCTGACTTC","43.37","54.71",11.34,29.8095238095238
"106","rs17287498left19","AACTGCATTTGTTTTTACG","AGCAAGGTCTGAGCTGACTTC","44.61","54.71",10.1,29.8095238095238
"107","rs17287498left20","TAACTGCATTTGTTTTTACG","AGCAAGGTCTGAGCTGACTTC","45.51","54.71",9.2,29.8095238095238
"108","rs17287498left21","TTAACTGCATTTGTTTTTACG","AGCAAGGTCTGAGCTGACTTC","46.54","54.71",8.17,29.8095238095238
"109","rs17287498left22","ATTAACTGCATTTGTTTTTACG","AGCAAGGTCTGAGCTGACTTC","47.28","54.71",7.43,29.8095238095238
"110","rs17287498left23","AATTAACTGCATTTGTTTTTACG","AGCAAGGTCTGAGCTGACTTC","48.15","54.71",6.56,29.8095238095238
"111","rs17287498left24","AAATTAACTGCATTTGTTTTTACG","AGCAAGGTCTGAGCTGACTTC","48.96","54.71",5.75,29.8095238095238
"112","rs17287498left25","AAAATTAACTGCATTTGTTTTTACG","AGCAAGGTCTGAGCTGACTTC","49.7","54.71",5.01,29.8095238095238
"113","rs17287498left26","GAAAATTAACTGCATTTGTTTTTACG","AGCAAGGTCTGAGCTGACTTC","50.66","54.71",4.05,29.8095238095238
"114","rs17287498left27","TGAAAATTAACTGCATTTGTTTTTACG","AGCAAGGTCTGAGCTGACTTC","52.22","54.71",2.49,29.8095238095238
"115","rs17287498left28","GTGAAAATTAACTGCATTTGTTTTTACG","AGCAAGGTCTGAGCTGACTTC","53.2","54.71",1.51,29.8095238095238
"116","rs17287498left29","AGTGAAAATTAACTGCATTTGTTTTTACG","AGCAAGGTCTGAGCTGACTTC","54.41","54.71",0.300000000000004,29.8095238095238
"117","rs17287498left30","AAGTGAAAATTAACTGCATTTGTTTTTACG","AGCAAGGTCTGAGCTGACTTC","54.86","54.71",0.149999999999999,29.8095238095238
"118","rs17287498left18","ACTGCATTTGTTTTTACT","AGCAAGGTCTGAGCTGACTTC","41.73","54.71",12.98,29.8095238095238
"119","rs17287498left19","AACTGCATTTGTTTTTACT","AGCAAGGTCTGAGCTGACTTC","43.09","54.71",11.62,29.8095238095238
"120","rs17287498left20","TAACTGCATTTGTTTTTACT","AGCAAGGTCTGAGCTGACTTC","44.08","54.71",10.63,29.8095238095238
"121","rs17287498left21","TTAACTGCATTTGTTTTTACT","AGCAAGGTCTGAGCTGACTTC","45.21","54.71",9.5,29.8095238095238
"122","rs17287498left22","ATTAACTGCATTTGTTTTTACT","AGCAAGGTCTGAGCTGACTTC","46.03","54.71",8.68,29.8095238095238
"123","rs17287498left23","AATTAACTGCATTTGTTTTTACT","AGCAAGGTCTGAGCTGACTTC","46.98","54.71",7.73,29.8095238095238
"124","rs17287498left24","AAATTAACTGCATTTGTTTTTACT","AGCAAGGTCTGAGCTGACTTC","47.85","54.71",6.86,29.8095238095238
"125","rs17287498left25","AAAATTAACTGCATTTGTTTTTACT","AGCAAGGTCTGAGCTGACTTC","48.65","54.71",6.06,29.8095238095238
"126","rs17287498left26","GAAAATTAACTGCATTTGTTTTTACT","AGCAAGGTCTGAGCTGACTTC","49.68","54.71",5.03,29.8095238095238
"127","rs17287498left27","TGAAAATTAACTGCATTTGTTTTTACT","AGCAAGGTCTGAGCTGACTTC","51.31","54.71",3.4,29.8095238095238
"128","rs17287498left28","GTGAAAATTAACTGCATTTGTTTTTACT","AGCAAGGTCTGAGCTGACTTC","52.35","54.71",2.36,29.8095238095238
"129","rs17287498left29","AGTGAAAATTAACTGCATTTGTTTTTACT","AGCAAGGTCTGAGCTGACTTC","53.61","54.71",1.1,29.8095238095238
"130","rs17287498left30","AAGTGAAAATTAACTGCATTTGTTTTTACT","AGCAAGGTCTGAGCTGACTTC","54.09","54.71",0.619999999999997,29.8095238095238
